{
  "threshold": 0.5,
  "confusion_matrix": {
    "tn": 38975,
    "fp": 17563,
    "fn": 1668,
    "tp": 3297
  },
  "metrics": {
    "precision": 0.15805369127516777,
    "recall": 0.66404833836858,
    "accuracy": 0.687316065882965
  },
  "capture_lift": [
    {
      "Top %": "5%",
      "Captured % of defaulters": 18.57,
      "Lift vs Random": 3.71,
      "Count in Top Slice": 3075
    },
    {
      "Top %": "10%",
      "Captured % of defaulters": 31.0,
      "Lift vs Random": 3.1,
      "Count in Top Slice": 6150
    },
    {
      "Top %": "20%",
      "Captured % of defaulters": 49.12,
      "Lift vs Random": 2.46,
      "Count in Top Slice": 12300
    }
  ],
  "classification_report": "              precision    recall  f1-score   support\n\n           0       0.96      0.69      0.80     56538\n           1       0.16      0.66      0.26      4965\n\n    accuracy                           0.69     61503\n   macro avg       0.56      0.68      0.53     61503\nweighted avg       0.89      0.69      0.76     61503\n"
}